Workbook

Sheet Summary Dashboard
A1: NETSEGA-AI — AI TRACK DASHBOARD
A2: Cisco NetAcad VIP 2026 Submission | Automated Network Diagnosis & Responsible AI Evaluation
A4: SECTION 1: KEY PERFORMANCE METRICS
B5: TOTAL CASES | D5: SUCCESSFUL AI DIAGNOSES | F5: FAILED AI DIAGNOSES | H5: RULE MATCH RATE
B6: =COUNTA('AI Diagnosis Results'!A2:A32) | D6: =COUNTIF('AI Diagnosis Results'!D2:D32, "SUCCESS") | F6: =COUNTIF('AI Diagnosis Results'!D2:D32, "<>SUCCESS") | H6: =COUNTIF('Rule Checker Results'!G2:G32, "MATCH")/COUNTA('Rule Checker Results'!A2:A32)
B7: Total Evaluated Network Cases | D7: Gemini API Diagnoses Completed | F7: API Failures or Timeouts | H7: Deterministic Rule Agreement
B9: HUMAN REVIEWS | D9: ACCEPTED REVIEWS | F9: EDITED REVIEWS | H9: HUMAN CORRECTION RATE
B10: =COUNTA('Responsible AI - Human Review'!A2:A32) | D10: =COUNTIF('Responsible AI - Human Review'!E2:E32, "Accepted") | F10: =COUNTIF('Responsible AI - Human Review'!E2:E32, "Edited") | H10: =COUNTIF('Responsible AI - Human Review'!E2:E32, "Edited")/COUNTA('Responsible AI - Human Review'!A2:A32)
B11: Total Cases Reviewed by Expert | D11: AI Diagnosis Accepted Intact | F11: Human Expert Corrections Made | H11: Percentage of AI Edits Required
A13: SECTION 2: EVALUATION SUMMARY DATA TABLES
B15: AI Diagnosis Status | C15: Count | D15: Percentage | F15: Human Review Decision | G15: Count | H15: Percentage | J15: Rule Checker Comparison | K15: Count | L15: Percentage | N15: Confidence Bin | O15: Count | P15: Percentage
B16: SUCCESS | C16: =COUNTIF('AI Diagnosis Results'!D2:D32, "SUCCESS") | D16: =C16/B6 | F16: Accepted | G16: =COUNTIF('Responsible AI - Human Review'!E2:E32, "Accepted") | H16: =G16/B6 | J16: MATCH | K16: =COUNTIF('Rule Checker Results'!G2:G32, "MATCH") | L16: =K16/B6 | N16: < 0.80 | O16: =COUNTIF('AI Diagnosis Results'!C2:C32, "<0.80") | P16: =O16/B6
B17: FAILED | C17: =COUNTIF('AI Diagnosis Results'!D2:D32, "<>SUCCESS") | D17: =C17/B6 | F17: Edited | G17: =COUNTIF('Responsible AI - Human Review'!E2:E32, "Edited") | H17: =G17/B6 | J17: MISMATCH | K17: =COUNTIF('Rule Checker Results'!G2:G32, "MISMATCH") | L17: =K17/B6 | N17: 0.80 - 0.89 | O17: =COUNTIFS('AI Diagnosis Results'!C2:C32, ">=0.80", 'AI Diagnosis Results'!C2:C32, "<0.90") | P17: =O17/B6
B18: Total | C18: =SUM(C16:C17) | D18: =SUM(D16:D17) | F18: Total | G18: =SUM(G16:G17) | H18: =SUM(H16:H17) | J18: NO_DETECTION | K18: =COUNTIF('Rule Checker Results'!G2:G32, "NO_DETECTION") | L18: =K18/B6 | N18: 0.90 - 0.95 | O18: =COUNTIFS('AI Diagnosis Results'!C2:C32, ">=0.90", 'AI Diagnosis Results'!C2:C32, "<=0.95") | P18: =O18/B6
J19: Total | K19: =SUM(K16:K18) | L19: =SUM(L16:L18) | N19: 0.96 - 1.00 | O19: =COUNTIFS('AI Diagnosis Results'!C2:C32, ">0.95", 'AI Diagnosis Results'!C2:C32, "<=1.00") | P19: =O19/B6
N20: Total | O20: =SUM(O16:O19) | P20: =SUM(P16:P19)
A22: SECTION 3: VISUAL ANALYTICS & EVALUATION CHARTS

Sheet AI Diagnosis Results
A1: Case ID | B1: AI Diagnosis | C1: Confidence | D1: Status | E1: OSI Layer | F1: Concept | G1: Next Command | H1: Human Review Required
A2: CASE-001 | B2: Router0 interface G0/1 (192.168.2.1) is administratively down | C2: 0.95 | D2: SUCCESS | E2: Layer 3 | F2: Interface availability | G2: no shutdown | H2: True
A3: CASE-002 | B3: Incorrect default gateway IP configured on PC0 | C3: 0.85 | D3: SUCCESS | E3: Layer 3 | F3: Default gateway | G3: ping 192.168.1.254 | H3: True
A4: CASE-003 | B4: Router-facing switch port Fa0/2 is in VLAN 1 while PC port Fa0/1 is in VLAN 10, causing VLAN isolation between PC and router | C4: 0.95 | D4: SUCCESS | E4: Layer 2 | F4: VLAN | G4: show interfaces fa0/2 switchport | H4: True
A5: CASE-004 | B5: Unconfirmed routing issue or incorrect default gateway assignment | C5: 0.65 | D5: SUCCESS | E5: Layer 3 | F5: Routing | G5: ping 192.168.1.254 | H5: True
A6: CASE-005 | B6: Switch0 interface FastEthernet0/2 is administratively down | C6: 0.98 | D6: SUCCESS | E6: Layer 2 | F6: Switch interface availability | G6: no shutdown | H6: True
A7: CASE-006 | B7: PC0 IP address is configured on a different subnet than its assigned default gateway | C7: 0.98 | D7: SUCCESS | E7: Layer 3 | F7: IPv4 addressing and subnet configuration | G7: ipconfig /all | H7: True
A8: CASE-007 | B8: Incorrect subnet mask on PC0 places the default gateway outside PC0's local subnet | C8: 0.92 | D8: SUCCESS | E8: Layer 3 | F8: IPv4 subnet mask configuration | G8: ipconfig /all | H8: True
A9: CASE-008 | B9: VLAN mismatch between switch ports Fa0/1 (VLAN 20) and Fa0/2 (VLAN 1) | C9: 0.95 | D9: SUCCESS | E9: Layer 2 | F9: VLAN and access-port assignment | G9: show running-config interface fa0/1 | H9: True
A10: CASE-009 | B10: Incorrect VLAN assignment on Switch0 interface Fa0/2 preventing traffic from reaching the default gateway | C10: 0.85 | D10: SUCCESS | E10: Layer 2 | F10: VLAN and access-port assignment | G10: show vlan brief | H10: True
A11: CASE-010 | B11: Default gateway on PC0 is misconfigured as 192.168.1.254 instead of 192.168.1.1 | C11: 0.88 | D11: SUCCESS | E11: Layer 3 | F11: Default gateway configuration | G11: show ip interface brief | H11: True
A12: CASE-011 | B12: Incorrect DNS server IP address configured on PC0 or distributed by DHCP server | C12: 0.92 | D12: SUCCESS | E12: Layer 7 | F12: DNS configuration | G12: nslookup | H12: True
A13: CASE-012 | B13: DHCP service is disabled on Server0 | C13: 0.98 | D13: SUCCESS | E13: Layer 7 | F13: DHCP service availability | G13: Check Server0 DHCP service status | H13: True
... A32: CASE-031 | B32: FTP user does not have Read permission on the FTP server | C32: 0.97 | D32: SUCCESS | E32: Layer 7 | F32: FTP file access permission | G32: Check FTP user Read permission on Server0 | H32: True

Sheet Rule Checker Results
A1: Case ID | B1: Expected Fault | C1: Concept Tag | D1: Detected Concepts | E1: Rule Findings | F1: Issues Found | G1: Comparison | H1: Status
A2: CASE-001 | B2: Router GigabitEthernet0/1 is administratively shut down | C2: Interface availability | D2: interface, nat | E2: Interface/port status issue detected | NAT issue detected | F2: 2 | G2: MATCH | H2: ISSUE_FOUND
A3: CASE-002 | B3: PC has an incorrect default gateway; correct gateway is 192.168.1.1 | C3: Default gateway and routing | D3: gateway | E3: Default gateway issue detected | F3: 1 | G3: MATCH | H3: ISSUE_FOUND
A4: CASE-003 | B4: PC-facing switch port Fa0/1 was assigned to VLAN 10 while the router-facing path remained in VLAN 1 | C4: VLAN and access-port assignment | D4: vlan, routing | E4: VLAN configuration issue detected | Routing issue detected | F4: 2 | G4: MATCH | H4: ISSUE_FOUND
A5: CASE-004 | B5: DHCP pool provides an incorrect default gateway; correct gateway is 192.168.1.1 | C5: DHCP gateway option and routing | D5: gateway, ip, subnet | E5: Default gateway issue detected | IP addressing issue detected | Subnet configuration issue detected | F5: 3 | G5: MATCH | H5: ISSUE_FOUND
A6: CASE-005 | B6: Switch FastEthernet0/2 was administratively shut down | C6: Switch interface availability | D6: interface | E6: Interface/port status issue detected | F6: 1 | G6: MATCH | H6: ISSUE_FOUND
A7: CASE-006 | B7: PC0 is configured in the wrong IP subnet | C7: IPv4 addressing and subnet configuration | D7: gateway | E7: Default gateway issue detected | F7: 1 | G7: MISMATCH | H7: ISSUE_FOUND
A8: CASE-007 | B8: PC0 has an incorrect subnet mask (255.255.255.224) causing incorrect subnet interpretation and preventing communication with the 192.168.2.0/24 remote network | C8: IPv4 subnet mask configuration | D8: gateway, ip, subnet | E8: Default gateway issue detected | IP addressing issue detected | Subnet configuration issue detected | F8: 3 | G8: MATCH | H8: ISSUE_FOUND
A9: CASE-008 | B9: PC-facing switch port Fa0/1 is assigned to VLAN 20 instead of the required VLAN 1, isolating the PC from its gateway | C9: VLAN and access-port assignment | D9: vlan | E9: VLAN configuration issue detected | F9: 1 | G9: MATCH | H9: ISSUE_FOUND
A10: CASE-009 | B10: Router-facing switch port Fa0/2 is assigned to VLAN 10 instead of VLAN 1, preventing the PC's traffic from reaching the router interface | C10: VLAN and access-port assignment | D10: vlan | E10: VLAN configuration issue detected | F10: 1 | G10: MATCH | H10: ISSUE_FOUND
A11: CASE-010 | B11: PC0 has an incorrect default gateway (192.168.1.254 instead of 192.168.1.1), preventing traffic from reaching the remote network | C11: Default gateway configuration | D11: gateway, ip, subnet | E11: Default gateway issue detected | IP addressing issue detected | Subnet configuration issue detected | F11: 3 | G11: MATCH | H11: ISSUE_FOUND
A12: CASE-011 | B12: PC0 is configured with an incorrect DNS server address (192.168.1.254 instead of 192.168.2.10), which can cause hostname resolution failures | C12: DNS configuration | D12: gateway, ip, dhcp, dns | E12: Default gateway issue detected | IP addressing issue detected | DHCP issue detected | DNS issue detected | F12: 4 | G12: MATCH | H12: ISSUE_FOUND
A13: CASE-012 | B13: DHCP service is unavailable on Server0, so PC0 cannot obtain a valid network configuration automatically | C13: DHCP service availability | D13: gateway, dhcp | E13: Default gateway issue detected | DHCP issue detected | F13: 2 | G13: MATCH | H13: ISSUE_FOUND
... A32: CASE-031 | B32: The FTP account can connect and list files but does not have Read permission for file downloads | C32: FTP file access permission | D32: ftp | E32: FTP issue detected | F32: 1 | G32: MATCH | H32: ISSUE_FOUND

Sheet Responsible AI - Human Review
A1: Case ID | B1: AI Diagnosis | C1: AI Confidence | D1: Expected Fault | E1: Human Decision | F1: Corrected Diagnosis | G1: Reviewer Note | H1: Review Timestamp
A2: CASE-001 | B2: Router0 interface G0/1 (192.168.2.1) is administratively down | C2: 0.95 | D2: Router GigabitEthernet0/1 is administratively shut down | E2: Accepted | F2: Router0 interface G0/1 (192.168.2.1) is administratively down | G2: Human reviewer accepted the Gemini diagnosis because it agrees with the case evidence and expected fault. | H2: 2026-08-19T15:36:20
A3: CASE-002 | B3: Incorrect default gateway IP configured on PC0 | C3: 0.85 | D3: PC has an incorrect default gateway; correct gateway is 192.168.1.1 | E3: Accepted | F3: Incorrect default gateway IP configured on PC0 | G3: Human reviewer accepted the Gemini diagnosis because it agrees with the case evidence and expected fault. | H3: 2026-08-19T15:36:20
A4: CASE-003 | B4: Router-facing switch port Fa0/2 is in VLAN 1 while PC port Fa0/1 is in VLAN 10, causing VLAN isolation between PC and router | C4: 0.95 | D4: PC-facing switch port Fa0/1 was assigned to VLAN 10 while the router-facing path remained in VLAN 1 | E4: Edited | F4: PC-facing switch port Fa0/1 was assigned to VLAN 10 while the router-facing path remained in VLAN 1 | G4: Human reviewer edited the Gemini diagnosis because it did not agree with the expected fault. | H4: 2026-08-19T15:36:20
A5: CASE-004 | B5: Unconfirmed routing issue or incorrect default gateway assignment | C5: 0.65 | D5: DHCP pool provides an incorrect default gateway; correct gateway is 192.168.1.1 | E5: Accepted | F5: Unconfirmed routing issue or incorrect default gateway assignment | G5: Human reviewer accepted the Gemini diagnosis because it agrees with the case evidence and expected fault. | H5: 2026-08-19T15:36:20
A6: CASE-005 | B6: Switch0 interface FastEthernet0/2 is administratively down | C6: 0.98 | D6: Switch FastEthernet0/2 was administratively shut down | E6: Accepted | F6: Switch0 interface FastEthernet0/2 is administratively down | G6: Human reviewer accepted the Gemini diagnosis because it agrees with the case evidence and expected fault. | H6: 2026-08-19T15:36:20
A7: CASE-006 | B7: PC0 IP address is configured on a different subnet than its assigned default gateway | C7: 0.98 | D7: PC0 is configured in the wrong IP subnet | E7: Accepted | F7: PC0 IP address is configured on a different subnet than its assigned default gateway | G7: Human reviewer accepted the Gemini diagnosis because it agrees with the case evidence and expected fault. | H7: 2026-08-19T15:36:20
A8: CASE-007 | B8: Incorrect subnet mask on PC0 places the default gateway outside PC0's local subnet | C8: 0.92 | D8: PC0 has an incorrect subnet mask (255.255.255.224) causing incorrect subnet interpretation and preventing communication with the 192.168.2.0/24 remote network | E8: Accepted | F8: Incorrect subnet mask on PC0 places the default gateway outside PC0's local subnet | G8: Human reviewer accepted the Gemini diagnosis because it agrees with the case evidence and expected fault. | H8: 2026-08-19T15:36:20
A9: CASE-008 | B9: VLAN mismatch between switch ports Fa0/1 (VLAN 20) and Fa0/2 (VLAN 1) | C9: 0.95 | D9: PC-facing switch port Fa0/1 is assigned to VLAN 20 instead of the required VLAN 1, isolating the PC from its gateway | E9: Edited | F9: PC-facing switch port Fa0/1 is assigned to VLAN 20 instead of the required VLAN 1, isolating the PC from its gateway | G9: Human reviewer edited the Gemini diagnosis because it did not agree with the expected fault. | H9: 2026-08-19T15:36:20
A10: CASE-009 | B10: Incorrect VLAN assignment on Switch0 interface Fa0/2 preventing traffic from reaching the default gateway | C10: 0.85 | D10: Router-facing switch port Fa0/2 is assigned to VLAN 10 instead of VLAN 1, preventing the PC's traffic from reaching the router interface | E10: Accepted | F10: Incorrect VLAN assignment on Switch0 interface Fa0/2 preventing traffic from reaching the default gateway | G10: Human reviewer accepted the Gemini diagnosis because it agrees with the case evidence and expected fault. | H10: 2026-08-19T15:36:20
A11: CASE-010 | B11: Default gateway on PC0 is misconfigured as 192.168.1.254 instead of 192.168.1.1 | C11: 0.88 | D11: PC0 has an incorrect default gateway (192.168.1.254 instead of 192.168.1.1), preventing traffic from reaching the remote network | E11: Accepted | F11: Default gateway on PC0 is misconfigured as 192.168.1.254 instead of 192.168.1.1 | G11: Human reviewer accepted the Gemini diagnosis because it agrees with the case evidence and expected fault. | H11: 2026-08-19T15:36:20
A12: CASE-011 | B12: Incorrect DNS server IP address configured on PC0 or distributed by DHCP server | C12: 0.92 | D12: PC0 is configured with an incorrect DNS server address (192.168.1.254 instead of 192.168.2.10), which can cause hostname resolution failures | E12: Accepted | F12: Incorrect DNS server IP address configured on PC0 or distributed by DHCP server | G12: Human reviewer accepted the Gemini diagnosis because it agrees with the case evidence and expected fault. | H12: 2026-08-19T15:36:20
A13: CASE-012 | B13: DHCP service is disabled on Server0 | C13: 0.98 | D13: DHCP service is unavailable on Server0, so PC0 cannot obtain a valid network configuration automatically | E13: Accepted | F13: DHCP service is disabled on Server0 | G13: Human reviewer accepted the Gemini diagnosis because it agrees with the case evidence and expected fault. | H13: 2026-08-19T15:36:20
... A32: CASE-031 | B32: FTP user does not have Read permission on the FTP server | C32: 0.97 | D32: The FTP account can connect and list files but does not have Read permission for file downloads | E32: Edited | F32: The FTP account can connect and list files but does not have Read permission for file downloads | G32: Human reviewer edited the Gemini diagnosis because it did not agree with the expected fault. | H32: 2026-08-19T15:36:20
